"Компания","Город","Домов","Адрес","Телефон","Наименование","Руководитель","Юридический адрес","Диспетчерская служба","Телефоны","Дома в управлении","ИНН","ОГРН","E-mail"
"УК «Жилищный трест Кировского района»","Кемерово","306","ул. 40 лет Октября, д. 9Б","+7 (3842) 65-74-06","Управляющая компания «Жилищный трест Кировского района»","Василькова Юлия Олеговна","Кемеровская обл, г. Кемерово, ул. 40 лет Октября, д. 9Б","+7 (3842) 65-04-57, +7 (3842) 65-74-50","+7 (3842) 65-74-06","306","4205229889","1114205039035","kirtrest@mail.ru"
"УК «Южный»","Кемерово","147","ул. Веры Волошиной, д. 13","+7 (3842) 38-54-63","Управляющая компания «Южный»","Вульферт Андрей Владимирович","Кемеровская обл, г. Кемерово, ул. Веры Волошиной, д. 13","+7 (3842) 38-01-51","+7 (3842) 38-54-63","147","4205055150","1034205061538","yuzhnyj42@yandex.ru"
"УК «Рэу-21»","Кемерово","140","ул. Дзержинского, д. 18","8 (3842) 75-62-46","Управляющая компания «Рэу-21»","Чижова Юлия Викторовна","Кемеровская обл, г. Кемерово, ул. Дзержинского, д. 18","+7 (913) 297-22-98","8 (3842) 75-62-46","140","4205140920","1074205021472","reu-21@mail.ru"
"УК «Гарант+»","Кемерово","134","пр-кт. Ленина, д. 55Б","+7 (3842) 21-37-01","Управляющая компания «Гарант+»","Матюхин Константин Львович","Кемеровская обл, г. Кемерово, пр-кт. Ленина, д. 55Б","+7 (3842) 37-71-14","+7 (3842) 21-37-01","134","4205138617","1074205019107","garant-zh@yandex.ru"
"УК «Мегаполис»","Кемерово","130","ул. Стахановская, д. 1","+7 (3842) 69-23-82","Управляющая компания «Мегаполис»","Дессерт Елена Яковлевна","Кемеровская обл, г. Кемерово, ул. Стахановская, д. 1","+7 (3842) 69-24-84","+7 (3842) 69-23-82","130","4205320753","1154205019627","uk@meg42.ru"
"УК «на Ворошилова»","Кемерово","111","ул. Ворошилова, д. 1А","+7 (3842) 51-47-10","Управляющая компания «на Ворошилова»","Шевченко Николай Петрович","Кемеровская обл, г. Кемерово, ул. Ворошилова, д. 1А","+7 (3842) 51-38-44","+7 (3842) 51-47-10","111","4205260230","1134205004009","ukreu2016@mail.ru"
"УК «Рэу-7»","Кемерово","91","ул. Красноармейская, д. 134А","+7 (3842) 36-54-61","Управляющая компания «Рэу-7»","Поряднова Елена Александровна","Кемеровская обл, г. Кемерово, ул. Красноармейская, д. 134А","+7 (3842) 36-54-61","+7 (3842) 36-54-61","91","4205206313","1104205014726","priyomnaja.reu7@mail.ru"
"УК «Крепость»","Кемерово","89","пр-кт. Ленина, д. 60","8 (3842) 78-06-85","Управляющая компания «Крепость»","Малиновский Павел Вячеславович","Кемеровская обл, г. Кемерово, пр-кт. Ленина, д. 60","+7 (3842) 67-61-24","8 (3842) 78-06-85","89","4205347402","1164205082250","uk.krepost.kem@yandex.ru"
"УК «Рэу №19»","Кемерово","86","ул. Гагарина, д. 136","8 (3842) 54-26-19","Управляющая компания «Рэу №19»","Салимова Марина Викторовна","Кемеровская обл, г. Кемерово, ул. Гагарина, д. 136","+7 (3842) 54-26-19","8 (3842) 54-26-19","86","4205154457","1084205007787","oooukreu19@yandex.ru"
"УК «Таежный»","Кемерово","83","б-р. Осенний, д. 3","8 (3842) 45-27-20","Управляющая компания «Таежный»","Батюченко Евгений Олегович","Кемеровская обл, г. Кемерово, б-р. Осенний, д. 3","+7 (3842) 45-27-20","8 (3842) 45-27-20","83","4205334080","1164205075957","oootaezhnyj@mail.ru"
"УК «Жилищно-коммунальный трест»","Кемерово","76","ул. 9 Января, д. 6","+7 (3842) 35-39-14","Управляющая компания «Жилищно-коммунальный трест»","Кадошников Олег Владимирович","Кемеровская обл, г. Кемерово, ул. 9 Января, д. 6","+7 (3842) 35-37-43","+7 (3842) 35-39-14","76","4205118441","1064205127271","ooojkt@mail.ru"
"УК «Сириус»","Кемерово","72","ул. Барнаульская, д. 31","+7 (904) 372-56-46","Управляющая компания «Сириус»","Ермолюк Елена Семеновна","Кемеровская обл, г. Кемерово, ул. Вельская, д. 1, кв. 29","+7 (904) 372-56-46","+7 (904) 372-56-46","72","4205352040","1174205006392","uksirius42@mail.ru"
"УК «Рэу-9»","Кемерово","66","ул. Орджоникидзе, д. 4","+7 (3842) 58-06-29","Управляющая компания «Рэу-9»","Воинков Николай Евгеньевич","Кемеровская обл, г. Кемерово, ул. Орджоникидзе, д. 4","+7 (3842) 36-66-83","+7 (3842) 58-06-29","66","4205206137","1104205014572","reu9_kemerovo@mail.ru"
"УК «Наш дом»","Кемерово","65","ул. Предзаводская, д. 1В","+7 (3842) 57-06-51","Управляющая компания «Наш дом»","Шульц Ольга Евгеньевна","Кемеровская обл, г. Кемерово, ул. Предзаводская, д. 1В","+7 (3842) 57-06-51","+7 (3842) 57-06-51","65","4205177687","1094205008292","shulz-42@mail.ru"
"УК «Молодежный»","Кемерово","60","пр-кт. Молодежный, д. 2А","+7 (3842) 31-21-12","Управляющая компания «Молодежный»","Байдулкина Галина Анатольевна","Кемеровская обл, г. Кемерово, пр-кт. Молодежный, д. 2А","+7 (3842) 31-21-12","+7 (3842) 31-21-12","60","4205025010","1034205004151","Molodezhnyiy@yandex.ru"
"УК «Евродом»","Кемерово","59","ул. Авроры, д. 14","+7 (3842) 45-22-01","Управляющая компания «Евродом»","Беликова Анастасия Галиевна","Кемеровская обл, г. Кемерово, ул. Авроры, д. 14","+7 (3842) 90-05-91","+7 (3842) 45-22-01","59","4223057760","1124223002177","priemnay@zhs.hcsds.ru"
"УК «Ко»","Кемерово","56","пр-кт. Шахтеров, д. 113","8 (3842) 77-59-97","Управляющая компания «Ко»","Родыгина Людмила Леонидовна","Кемеровская обл, г. Кемерово, пр-кт. Шахтеров, д. 113","+7 (3842) 67-20-21","8 (3842) 77-59-97","56","4205305554","1154205004690","ukkmr@inbox.ru"
"УК «Спектр услуг»","Кемерово","52","пр-кт. Ленина, д. 122А","8 (3842) 90-10-39","Управляющая компания «Спектр услуг»","Фанта Розалия Финогеновна","Кемеровская обл, г. Кемерово, пр-кт. Ленина, д. 122А","+7 (3842) 90-10-39","8 (3842) 90-10-39","52","4205300605","1144205030969","uk-sprectr@mail.ru"
"УК «Кемерово-сити»","Кемерово","51","пр-кт. Притомский, д. 7А","+7 (3842) 90-08-71","Управляющая компания «Кемерово-сити»","Манин Павел Александрович","Кемеровская обл, г. Кемерово, пр-кт. Притомский, д. 7А","+7 (3842) 90-08-19","+7 (3842) 90-08-71","51","4205124325","1074205004103","office@kem-city.ru"
"УК «Ленинградский»","Кемерово","48","б-р. Строителей, д. 46/1","+7 (3842) 73-38-15","Управляющая компания «Ленинградский»","Дюмина Людмила Моисеевна","Кемеровская обл, г. Кемерово, б-р. Строителей, д. 46/1","+7 (3842) 65-02-75","+7 (3842) 73-38-15","48","4205186963","1094205019380","info@uk-kemerovo.ru"
"УК «Кузнецкий»","Кемерово","45","ул. Юрия Смирнова, д. 27","+7 (3842) 45-27-85","Управляющая компания «Кузнецкий»","Никифорова Нажежда Степановна","Кемеровская обл, г. Кемерово, ул. Юрия Смирнова, д. 27","+7 (3842) 45-27-85","+7 (3842) 45-27-85","45","4205362707","1174205028800","uk.kuznetsky@mail.ru"
"УК «Кемрэк»","Кемерово","40","пр-кт. Ленина, д. 58","8 (3842) 65-71-61","Управляющая компания «Кемрэк»","Кареев Игорь Александрович","Кемеровская обл, г. Кемерово, пр-кт. Ленина, д. 58","+7 (3842) 65-71-61","8 (3842) 65-71-61","40","4205332195","1164205072085","kem-rek@mail.ru"
"УК «Правый берег»","Кемерово","40","пр-кт. Шахтеров, д. 75","8 (3842) 90-05-34","Управляющая компания «Правый берег»","Малюков Александр Витальевич","Кемеровская обл, г. Кемерово, пр-кт. Шахтеров, д. 75","+7 (3842) 90-05-34","8 (3842) 90-05-34","40","4205303211","1154205002313","ukpb59a@mail.ru"
"УК «Шалго»","Кемерово","37","пр-кт. Октябрьский, д. 78Б","8 (3842) 78-09-77","Управляющая компания «Шалго»","Шелковников Илья Юрьевич","Кемеровская обл, г. Кемерово, пр-кт. Октябрьский, д. 78Б","+7 (3842) 78-09-77","8 (3842) 78-09-77","37","4205382823","1194205016169","oooshalgo@yandex.ru"
"УК «Кедровый»","Кемерово","35","б-р. Осенний, д. 3","+7 (3842) 45-27-20","Управляющая компания «Кедровый»","Батюченко Олег Олегович","Кемеровская обл, г. Кемерово, б-р. Осенний, д. 3","+7 (3842) 45-27-20","+7 (3842) 45-27-20","35","4205315496","1154205014457","lesnaya_polyana@list.ru"
"УК «Пенатэс»","Кемерово","33","пр-кт. Советский, д. 27","8 (3842) 78-03-85","Управляющая компания «Пенатэс»","Коробченко Дмитрий Анатольевич","Кемеровская обл, г. Кемерово, пр-кт. Советский, д. 27","+7 (3842) 36-66-83","8 (3842) 78-03-85","33","4205389201","1204200006493","penates42@yandex.ru"
"УК «Рассвет»","Кемерово","33","б-р. Пионерский, д. 12","8 (3842) 52-10-04","Управляющая компания «Рассвет»","Попов Михаил Юрьевич","Кемеровская обл, г. Кемерово, б-р. Пионерский, д. 12","+7 (3842) 52-10-04","8 (3842) 52-10-04","33","4205388938","1204200005910","ra5svet2020@yandex.ru"
"УК «Скк»","Кемерово","32","ул. Тухачевского, д. 2","8 (3842) 78-05-25","Управляющая компания «Скк»","Демин Павел Тимофеевич","Кемеровская обл, г. Кемерово, ул. Тухачевского, д. 2","+7 (3842) 78-05-25","8 (3842) 78-05-25","32","4205038490","1024200686146","ooo_ckk@mail.ru"
"УК «Верхний бульвар»","Кемерово","29","ул. Терешковой, д. 16б","8 (3842) 65-74-95","Управляющая компания «Верхний бульвар»","Науменко Виталий Викторович","Кемеровская обл, г. Кемерово, ул. Терешковой, д. 16б","+7 (3842) 66-01-00","8 (3842) 65-74-95","29","4205329499","1164205066387","uk-vb@mail.ru"
"УК «Грант»","Кемерово","29","ул. Свободы, д. 15","+7 (951) 604-08-48","Управляющая компания «Грант»","Матюхин Константин Львович","Кемеровская обл, г. Кемерово, ул. Свободы, д. 15","+7 (3842) 37-71-14","+7 (951) 604-08-48","29","4205092049","1054205212918","garantkemgkh@yandex.ru"
"УК «Лесная поляна»","Кемерово","29","б-р. Осенний, д. 3","+7 (3842) 45-27-20","Управляющая компания «Лесная поляна»","Батюченко Олег Олегович","Кемеровская обл, г. Кемерово, б-р. Осенний, д. 3","+7 (3842) 45-27-20","+7 (3842) 45-27-20","29","4250004573","1074250001891","uk_lesnaya@mail.ru"
"УК «Регион 42»","Кемерово","28","пр-кт. Комсомольский, д. 11А","+7 (3842) 34-66-71","Управляющая компания «Регион 42»","Николаенко Елена Юрьевна","Кемеровская обл, г. Кемерово, пр-кт. Комсомольский, д. 11А","+7 (3842) 46-33-33","+7 (3842) 34-66-71","28","4205269779","1134205015130","kemerovo_gkh@mail.ru"
"УК «Каравелла»","Кемерово","27","пер. Щегловский, д. 12","+7 (923) 614-37-57","Управляющая компания «Каравелла»","Кузьменко Сергей Александрович","Кемеровская обл, г. Кемерово, пер. Щегловский, д. 12","+7 (923) 614-37-57","+7 (923) 614-37-57","27","4205255590","1124205020807","karavellaooo@mail.ru"
"УК «Народная»","Кемерово","26","ул. Тульская, д. 28","","Управляющая компания «Народная»","Кузнецов Максим Алексеевич","Кемеровская обл, г. Кемерово, ул. Тульская, д. 28","+7 (923) 503-76-53, +7 (3842) 67-47-03","","26","4205402854","1224200000881","uknarodnoe2000@mail.ru"
"УК «Теплый дом»","Кемерово","25","пр-кт. Ленинградский, д. 15а","8 (3842) 45-23-97","Управляющая компания «Теплый дом»","Дмитриев Сергей Михайлович","Кемеровская обл, г. Кемерово, пр-кт. Ленинградский, д. 15а","+7 (3842) 78-08-12","8 (3842) 45-23-97","25","4205361196","1174205025378","tepluidom42@mail.ru"
"УК «Константа»","Кемерово","24","ул. Новогодняя, д. 16","8 (950) 580-51-75","Управляющая компания «Константа»","Симонова Олеся Петровна","Кемеровская обл, г. Кемерово, ул. Новогодняя, д. 16","+7 (3842) 90-14-40","8 (950) 580-51-75","24","4205331699","1164205071172","uk.konstanta@mail.ru"
"УК «ЖСК Восточный»","Кемерово","21","пр-кт. Комсомольский, д. 46, -1 этаж, пом. 1","+7 (3842) 90-12-56","Управляющая компания «ЖСК Восточный»","Корниленко Ольга Александровна","Кемеровская обл, г. Кемерово, пр-кт. Комсомольский, д. 46, -1 этаж, пом. 1","+7 (3842) 90-12-56","+7 (3842) 90-12-56","21","4205317013","1154205015910","ukmg1@bk.ru"
"УК «Русь»","Кемерово","20","б-р. Пионерский, д. 14","8 (3842) 57-55-51","Управляющая компания «Русь»","Бутько Ирина Валерьевна","Кемеровская обл, г. Кемерово, б-р. Пионерский, д. 14","+7 (3842) 57-55-51","8 (3842) 57-55-51","20","4205374420","1184205021648","ukrussy@yandex.ru"
"УК «Красная горка»","Кемерово","19","пр-кт. Шахтеров, д. 62Б","+7 (3842) 45-24-83","Управляющая компания «Красная горка»","Никифорова Надежда Степановна","Кемеровская обл, г. Кемерово, пр-кт. Шахтеров, д. 62Б","+7 (923) 483-79-33","+7 (3842) 45-24-83","19","4205256829","1124205022072","moi.gor58@mail.ru"
"УК «Жкх №1»","Кемерово","17","пр-кт. Ленина, д. 146/1","+7 (3842) 37-48-24","Управляющая компания «Жкх №1»","Гулый Роман Сергеевич","Кемеровская обл, г. Кемерово, пр-кт. Ленина, д. 146/1","+7 (3842) 37-48-24","+7 (3842) 37-48-24","17","4205020140","1034205018165","sistema-rg@mail.ru"
"УК «Жилищник»","Кемерово","15","ул. Волгоградская, д. 45а","+7 (3842) 31-00-98","Управляющая компания «Жилищник»","Малиновский Павел Вячеславович","Кемеровская обл, г. Кемерово, ул. Волгоградская, д. 45а","+7 (3842) 31-01-52","+7 (3842) 31-00-98","15","4205214593","1114205000733","dem@kem-uk.ru"
"УК «Квартиры Кемерова»","Кемерово","14","ул. Юрия Двужильного, д. 26","+7 (3842) 38-88-80","Управляющая компания «Квартиры Кемерова»","Бекетова Елена Валерьевна","Кемеровская обл, г. Кемерово, ул. Юрия Двужильного, д. 26","+7 (3842) 38-88-80","+7 (3842) 38-88-80","14","4205116490","1064205124279","kv_kemerovo@mail.ru"
"УК «Квалитет»","Кемерово","13","ул. Терешковой, строение 22а","8 (3842) 77-36-37","Управляющая компания «Квалитет»","Возняк Михаил Михаил","Кемеровская обл, г. Кемерово, ул. Терешковой, строение 22а","+7 (3842) 76-92-03","8 (3842) 77-36-37","13","4205358281","1174205018800","ukkp42@bk.ru"
"УК «Артсервис»","Кемерово","12","ул. Космическая, д. 24А","+7 (3842) 65-78-15","Управляющая компания «Артсервис»","Плужников Андрей Иванович","Кемеровская обл, г. Кемерово, ул. Космическая, д. 24А","+7 (923) 609-95-99","+7 (3842) 65-78-15","12","4205162761","1084205015718","artgaraz@mail.ru"
"УК «Высота»","Кемерово","12","б-р. Строителей, д. 46/1","8 (3842) 33-33-40","Управляющая компания «Высота»","Дюмина Людмила Моисеевна","Кемеровская обл, г. Кемерово, б-р. Строителей, д. 46/1","+7 (3842) 65-02-75","8 (3842) 33-33-40","12","4205361728","1174205026841","info@uk-kemerovo.ru"
"УК «Сибирская»","Кемерово","12","пр-кт. Комсомольский, д. 11А","+7 (3842) 34-66-71","Управляющая компания «Сибирская»","Николаенко Елена Юрьевна","Кемеровская обл, г. Кемерово, пр-кт. Комсомольский, д. 11А","+7 (384) 257-49-66","+7 (3842) 34-66-71","12","4205176323","1094205006521","1yk@mail.ru"
"УК «Стандарт»","Кемерово","12","пр-кт. Ленина, д. 146/1","8 (3842) 37-48-24","Управляющая компания «Стандарт»","Гулый Роман Сергеевич","Кемеровская обл, г. Кемерово, пр-кт. Ленина, д. 146/1","+7 (3842) 37-48-24","8 (3842) 37-48-24","12","4205297825","1144205018132","gkh1@list.ru"
"УК «Флагман»","Кемерово","12","пр-кт. Ленинградский, д. 22","+7 (3842) 31-00-22","Управляющая компания «Флагман»","Мельман Михаил Григорьевич","Кемеровская обл, г. Кемерово, пр-кт. Ленинградский, д. 22","+7 (3842) 67-29-11","+7 (3842) 31-00-22","12","4205256709","1124205021973","flagman42@mail.ru"
"УК «Жилстройсервис фпк»","Кемерово","11","пр-кт. Комсомольский, д. 11А","+7 (3842) 34-66-71","Управляющая компания «Жилстройсервис фпк»","Николаенко Елена Юрьевна","Кемеровская обл, г. Кемерово, пр-кт. Комсомольский, д. 11А","+7 (3842) 46-33-33","+7 (3842) 34-66-71","11","4205151946","1084205005246","gstroyservis@mail.ru"
"УК «Мкд»","Кемерово","11","пр-кт. Комсомольский, д. 53","8 (3842) 74-39-64","Управляющая компания «Мкд»","Шелковников Илья Юрьевич","Кемеровская обл, г. Кемерово, пр-кт. Комсомольский, д. 53","+7 (3842) 78-04-84","8 (3842) 74-39-64","11","4205363210","1174205029900","ukmkd@list.ru"
"УК «Домо-сервис-2»","Кемерово","10","ул. Притомская Набережная, д. 19","+7 (3842) 34-57-61","Управляющая компания «Домо-сервис-2»","Шобик Станислав Борисович","Кемеровская обл, г. Кемерово, ул. Притомская Набережная, д. 19","+7 (3842) 34-68-36","+7 (3842) 34-57-61","10","4205089913","1054205184769","d-s2@mail.ru"
"УК «Комфортная среда»","Кемерово","10","ул. Дружбы, д. 31А","8 (3842) 90-19-71","Управляющая компания «Комфортная среда»","Чудинов Игорь Валентинович","Кемеровская обл, г. Кемерово, ул. Дружбы, д. 31А","+7 (3842) 67-00-57","8 (3842) 90-19-71","10","4205308587","1154205007681","comfortsreda@gmail.com"
"УК «Ленинский»","Кемерово","10","б-р. Строителей, д. 23","8 (961) 721-17-60","Управляющая компания «Ленинский»","","Кемеровская обл, г. Кемерово, б-р. Строителей, д. 23","","8 (961) 721-17-60","10","4230034322","1214200008989","lozovik2013@mail.ru"
"УК «Сибирские просторы»","Кемерово","9","пр-кт. Притомский, д. 7А","8 (3842) 90-08-71","Управляющая компания «Сибирские просторы»","Манин Павел Александрович","Кемеровская обл, г. Кемерово, пр-кт. Притомский, д. 7А","+7 (3842) 90-08-19","8 (3842) 90-08-71","9","4205237079","1124205001337","office@kem-city.ru"
"УК «Докор»","Кемерово","8","б-р. Строителей, д. 53А","8 (3842) 65-02-53","Управляющая компания «Докор»","Арестов Евгений Александрович","Кемеровская обл, г. Кемерово, б-р. Строителей, д. 53А","+7 (3842) 49-02-72","8 (3842) 65-02-53","8","4205089906","1054205184758","ooodokor@yandex.ru"
"УК «ДомСервис»","Кемерово","8","пр-кт. Московский, д. 18, корп. 6, Отдельный вход","8 (3842) 90-03-06","Управляющая компания «ДомСервис»","Шобик С.Б.","Кемеровская обл, г. Кемерово, пр-кт. Московский, д. 18, корп. 6, Отдельный вход","+7 (905) 918-07-93","8 (3842) 90-03-06","8","4205264837","1134205008948","d-s2@mail.ru"
"УК «Жилград»","Кемерово","8","пр-кт. Октябрьский, д. 59","+7 (3842) 77-21-41","Управляющая компания «Жилград»","Колмыков Андрей Петрович","Кемеровская обл, г. Кемерово, пр-кт. Октябрьский, д. 59","+7 (950) 599-41-20","+7 (3842) 77-21-41","8","4205062076","1044205007978","zhilservisplyus2@mail.ru"
"УК «Жилдом»","Кемерово","8","ул. Волгоградская, д. 21","8 (904) 571-03-22","Управляющая компания «Жилдом»","Давыдова Ольга Владимировна","Кемеровская обл, г. Кемерово, ул. Волгоградская, д. 21","+7 (3842) 76-79-71","8 (904) 571-03-22","8","4205393663","1204200017328","gildom2020@yandex.ru"
"УК «Зелёный город»","Кемерово","8","ул. Космическая, д. 24","+7 (3842) 78-02-79","Управляющая компания «Зелёный город»","Давыденко Виктория Раисовна","Кемеровская обл, г. Кемерово, ул. Космическая, д. 24","+7 (3842) 78-04-98","+7 (3842) 78-02-79","8","4205384972","1194205021174","greencity42@mail.ru"
"УК «Лидер-энергия»","Кемерово","8","ул. Терешковой, д. 39/3","8 (38445) 586-66","Управляющая компания «Лидер-энергия»","Русецкий Владимир Викторович","Кемеровская обл, г. Кемерово, ул. Терешковой, д. 39/3","+7 (904) 965-79-79","8 (38445) 586-66","8","4205365095","1184205002145","uk-lider-energiya@mail.ru"
"УК «Рего»","Кемерово","8","ул. Юрия Двужильного, д. 22, помещение 20-21","8 (3842) 38-38-74","Управляющая компания «Рего»","Тараканов Евгений Владимирович","Кемеровская обл, г. Кемерово, ул. Юрия Двужильного, д. 22, помещение 20-21","+7 (3842) 38-38-70","8 (3842) 38-38-74","8","4205393977","1204200017911","yk-rego@mail.ru"
"УК «Родные Просторы»","Кемерово","8","пр-кт. Московский, д. 16","+7 (3842) 49-21-45","Управляющая компания «Родные Просторы»","Гулый Роман Сергеевич","Кемеровская обл, г. Кемерово, пр-кт. Московский, д. 16","+7 (3842) 49-21-45","+7 (3842) 49-21-45","8","4205287753","1144205007968","uk_rp@list.ru"
"УК «Аврелия»","Кемерово","6","пр-кт. Ленинградский, д. 3","8 (3842) 90-10-02","Управляющая компания «Аврелия»","Толобова Оксана Ивановна","Кемеровская обл, г. Кемерово, пр-кт. Ленинградский, д. 3","+7 (950) 578-29-71","8 (3842) 90-10-02","6","4205326561","1164205060348","comfort42rus@yandex.ru"
"УК «Город кемерово»","Кемерово","6","ул. Юрия Двужильного, д. 22","+7 (3842) 38-14-70","Управляющая компания «Город кемерово»","Опешко Сергей Иванович","Кемеровская обл, г. Кемерово, ул. Юрия Двужильного, д. 22","+7 (3842) 38-75-15","+7 (3842) 38-14-70","6","4205155718","1084205008711","yk-gorod@mail.ru"
"УК «Ю-сервис»","Кемерово","6","пр-кт. Притомский, д. 35, корп. 1, 139","8 (99339) 940-31","Управляющая компания «Ю-сервис»","Зворыгин Максим Александрович","Кемеровская обл, г. Кемерово, пр-кт. Притомский, д. 35, корп. 1, 139","+7 (3842) 22-03-15","8 (99339) 940-31","6","4205393430","1204200016888","uk-kemerovo@bk.ru"
"ТСН «5 звезд»","Кемерово","5","пр-кт. Химиков, д. 10Б","8 (3842) 54-73-34","Товарищество собственников недвижимости «5 звезд»","Атапина Анна Николаевна","Кемеровская обл, г. Кемерово, пр-кт. Химиков, д. 10Б","+7 (3842) 54-46-99","8 (3842) 54-73-34","5","4205210486","1104205018862","tsg5z@yandex.ru"
"УК «21 квартал»","Кемерово","5","ул. Ворошилова, д. 1А","8 (905) 965-08-08","Управляющая компания «21 квартал»","Миронова Анастасия Николаевна","Кемеровская обл, г. Кемерово, ул. Ворошилова, д. 1А","+7 (3842) 51-38-44","8 (905) 965-08-08","5","4205396061","1214200004534","QIARTER21@yandex.ru"
"УК «Алькор»","Кемерово","5","б-р. Строителей, д. 53А, пом.114","+7 (3842) 49-02-82","Управляющая компания «Алькор»","Арестов Евгений Александрович","Кемеровская обл, г. Кемерово, б-р. Строителей, д. 53А, пом.114","+7 (904) 962-21-79","+7 (3842) 49-02-82","5","4205306484","1154205005613","ukalkor@yandex.ru"
"УК «Жилищно-коммунальный стандарт»","Кемерово","5","ул. Кирова, д. 55","+7 (3842) 55-79-69","Управляющая компания «Жилищно-коммунальный стандарт»","Каратаев Евгений Михайлович","Кемеровская обл, г. Кемерово, ул. Кирова, д. 55","+7 (3842) 55-79-69","+7 (3842) 55-79-69","5","4205402290","1214200018933","uk_zhks42@mail.ru"
"УК «Премьер»","Кемерово","5","пр-кт. Притомский, д. 25, корп. 2","+7 (3842) 65-04-99","Управляющая компания «Премьер»","Редозубов Дмитрий Александрович","Кемеровская обл, г. Кемерово, пр-кт. Притомский, д. 25, корп. 2","+7 (3842) 65-04-99","+7 (3842) 65-04-99","5","4205381241","1194205012693","uk-premier@list.ru"
"УК «Фонд ржс»","Кемерово","5","ул. Пролетарская, д. 29","8 (3842) 78-00-53","Управляющая компания «Фонд ржс»","Саидов Александр Викторович","Кемеровская обл, г. Кемерово, ул. Пролетарская, д. 29","+7 (3842) 78-00-10","8 (3842) 78-00-53","5","4205399922","1214200013312","mail@ukfond.ru"
"УК «Мир»","Кемерово","4","б-р. Осенний, д. 7","+7 (3842) 25-00-01","Управляющая компания «Мир»","Дубов Владимир Андреевич","Кемеровская обл, г. Кемерово, ул. Попова, д. 3","+7 (3842) 25-00-01","+7 (3842) 25-00-01","4","4205317817","1154205016723","mir.kemerovo@yandex.ru"
"УК «Скс»","Кемерово","4","б-р. Строителей, д. 32/1","+7 (3842) 33-00-77","Управляющая компания «Скс»","Иванов Сергей Васильевич","Кемеровская обл, г. Кемерово, б-р. Строителей, д. 32/1","+7 (3842) 33-00-77","+7 (3842) 33-00-77","4","4205364535","1184205001034","info@ykckc.ru"
"УК «Азимут»","Кемерово","3","ул. Троицкая, д. 1А","+7 (3842) 57-10-86","Управляющая компания «Азимут»","Бабанов Дмитрий Сергеевич","Кемеровская обл, г. Кемерово, ул. Троицкая, д. 1А","+7 (3842) 77-38-51","+7 (3842) 57-10-86","3","4205266785","1134205011390","alternativa2105@mail.ru"
"УК «На красной»","Кемерово","3","ул. Тухачевского, д. 2","8 (3842) 78-05-25","Управляющая компания «На красной»","Дёмин Павел Тимофеевич","Кемеровская обл, г. Кемерово, пр-кт. Притомский, д. 11/1, кв. 69","+7 (3842) 78-05-25","8 (3842) 78-05-25","3","4205374188","1184205020999","ooo.Krasnaya@inbox.ru"
"ТСЖ «Аврора»","Кемерово","2","пр-кт. Шахтеров, д. 95","+7 (3842) 64-61-30","Товарищество собственников жилья «Аврора»","Лебедев Игорь Германович","Кемеровская обл, г. Кемерово, пр-кт. Шахтеров, д. 95","+7 (909) 521-58-18","+7 (3842) 64-61-30","2","4205096678","1054205258733","tsjkavrora@mail.ru"
"ТСЖ «На фпк»","Кемерово","2","ул. Тухачевского, д. 45","+7 (3842) 31-05-92","Товарищество собственников жилья «На фпк»","Денисенко Сергей Иванович","Кемеровская обл, г. Кемерово, ул. Тухачевского, д. 45","+7 (3842) 31-05-92","+7 (3842) 31-05-92","2","4205014160","1034205000983","TSG-FPK@yandex.ru"
"ТСН «На Бульваре»","Кемерово","2","б-р. Строителей, д. 32/3","8 (3842) 34-66-84","Товарищество собственников недвижимости «На Бульваре»","Мигда Оксана Николаевна","Кемеровская обл, г. Кемерово, б-р. Строителей, д. 32/3","+7 (3842) 45-23-31","8 (3842) 34-66-84","2","4205221921","1114205021193","tsg.32.3@mail.ru"
"ТСН «Свободы»","Кемерово","2","ул. Свободы, д. 25А","+7 (908) 948-18-34","Товарищество собственников недвижимости «Свободы»","Протченко Юлия Сергеевна","Кемеровская обл, г. Кемерово, ул. Свободы, д. 25А","+7 (3842) 34-63-70","+7 (908) 948-18-34","2","4205097181","1054205266170","svobody.t@yandex.ru"
"ТСН «Серебряные ручьи»","Кемерово","2","б-р. Строителей, д. 28","+7 (3842) 37-27-49","Товарищество собственников недвижимости «Серебряные ручьи»","Кухарчук Александр Николаевич","Кемеровская обл, г. Кемерово, б-р. Строителей, д. 28","+7 (3842) 37-40-40","+7 (3842) 37-27-49","2","4205159889","1084205012792","tsg-sob@mail.ru"
"ТСН «Соседи»","Кемерово","2","пр-кт. Октябрьский, д. 36Г","+7 (903) 993-67-11","Товарищество собственников недвижимости «Соседи»","Гавриловец Надежда Борисовна","Кемеровская обл, г. Кемерово, пр-кт. Октябрьский, д. 36Г","+7 (3842) 35-56-95","+7 (903) 993-67-11","2","4205316330","1154205015249","nachgrip@mail.ru"
"УК «Альфа+»","Кемерово","2","ул. Мичурина, д. 58","+7 (3842) 90-08-25","Управляющая компания «Альфа+»","Шобик Станислав Борисович","Кемеровская обл, г. Кемерово, ул. Мичурина, д. 58","+7 (905) 079-60-20","+7 (384) 290-08-25","2","4205390503","1204200009628","d-s2@mail.ru"
"УК «Городская ук»","Кемерово","2","пр-кт. Молодежный, д. 17","8 (923) 600-76-76","Управляющая компания «Городская ук»","","Кемеровская обл, г. Кемерово, пр-кт. Молодежный, д. 17","","8 (923) 600-76-76","2","4205390937","1204200010651","gorodskaya.uk42@yandex.ru"
"ТСЖ «Гудок»","Кемерово","1","ул. Сибиряков-Гвардейцев, д. 24А","","Товарищество собственников жилья «Гудок»","","Кемеровская обл, г. Кемерово, ул. Сибиряков-Гвардейцев, д. 24А","","","1","4205058908","1034205074430","saboron@mail.ru"
"ТСЖ «Мой дом»","Кемерово","1","пр-кт. Октябрьский, д. 28","35-42-40","Товарищество собственников жилья «Мой дом»","Благо Ирина Евгеньевна","Кемеровская обл, г. Кемерово, пр-кт. Октябрьский, д. 28","+7 (950) 261-07-67","35-42-40","1","4205035072","1034205029715","blagotsg@yandex.ru"
"ТСЖ «Молодёжный 15 а»","Кемерово","1","пр-кт. Молодежный, д. 15А","+7 (923) 567-39-95","Товарищество собственников жилья «Молодёжный 15 а»","Потояло Светлана Сергеевна","Кемеровская обл, г. Кемерово, пр-кт. Молодежный, д. 15А","+7 (923) 567-39-95","+7 (923) 567-39-95","1","4205076826","1044205095527","svtpot@mail.ru"
"ТСЖ «Мотор»","Кемерово","1","б-р. Строителей, д. 41","8 (3842) 53-46-71","Товарищество собственников жилья «Мотор»","Гуменюк Оксана Александровна","Кемеровская обл, г. Кемерово, б-р. Строителей, д. 41","+7 (3842) 53-46-71","8 (3842) 53-46-71","1","4205104262","1064205090938","gumenuk_oksana41@mail.ru"
"ТСЖ «Планета фпк»","Кемерово","1","ул. Свободы, д. 3","8 (3842) 49-50-61","Товарищество собственников жилья «Планета фпк»","Пятова Надежда Анатольевна","Кемеровская обл, г. Кемерово, ул. Свободы, д. 3","+7 (3842) 49-50-62","8 (3842) 49-50-61","1","4205182694","1094205014166","planetafpk@mail.ru"
"ТСЖ «Родные берега»","Кемерово","1","ул. Мичурина, д. 56","+7 (3842) 58-80-52","Товарищество собственников жилья «Родные берега»","Финк Ольга Алексеевна","Кемеровская обл, г. Кемерово, ул. Мичурина, д. 56","+7 (3842) 58-80-52","+7 (3842) 58-80-52","1","4205187406","1094205019810","rodnieberega56@mail.ru"
"ТСЖ «Рябинка»","Кемерово","1","ул. Свободы, д. 11","+7 (3842) 56-80-39","Товарищество собственников жилья «Рябинка»","Кобзев Владимир Иванович","Кемеровская обл, г. Кемерово, ул. Свободы, д. 11","+7 (3842) 31-09-61","+7 (3842) 56-80-39","1","4205079834","1054205016634","tsg_ryabinka@mail.ru"
"ТСЖ «Свобода»","Кемерово","1","ул. Свободы, д. 17А","+7 (3842) 31-59-49","Товарищество собственников жилья «Свобода»","Прокопьев Михаил Леонидович","Кемеровская обл, г. Кемерово, ул. Свободы, д. 17А","+7 (3842) 31-59-49","+7 (3842) 31-59-49","1","4205051483","1034205049614","kati.0022@mail.ru"
"ТСЖ «Энергетик»","Кемерово","1","ул. Патриотов, д. 35А","","Товарищество собственников жилья «Энергетик»","","Кемеровская обл, г. Кемерово, ул. Патриотов, д. 35А","","","1","4205069667","1044205036160","blagotsg@yandex.ru"
"ТСН «Апрель»","Кемерово","1","ул. Свободы, д. 17","8 (3842) 76-80-85","Товарищество собственников недвижимости «Апрель»","Найданов Валентин Петрович","Кемеровская обл, г. Кемерово, ул. Свободы, д. 17","+7 (3842) 76-80-85","8 (3842) 76-80-85","1","4205038330","1024200686003","aprel_tsg@mail.ru"
"ТСН «Весна»","Кемерово","1","ул. Свободы, д. 11А","+7 (3842) 31-87-27","Товарищество собственников недвижимости «Весна»","Шаренко Александр Петрович","Кемеровская обл, г. Кемерово, ул. Свободы, д. 11А","+7 (902) 984-87-27","+7 (3842) 31-87-27","1","4205078887","1054205010815","Dom811@bk.ru"
"ТСН «Высотка»","Кемерово","1","б-р. Строителей, д. 28г, помещ. 001","8 (913) 127-43-84","Товарищество собственников недвижимости «Высотка»","Левченко Сергей Альбертович","Кемеровская обл, г. Кемерово, б-р. Строителей, д. 28г, помещ. 001","+7 (913) 127-43-84","8 (913) 127-43-84","1","4205408581","1224200010088","tsn_vysotka@list.ru"
"ТСН «Красноармейский бастион»","Кемерово","1","ул. Красноармейская, д. 134А","","Товарищество собственников недвижимости «Красноармейский бастион»","","Кемеровская обл, г. Кемерово, ул. Красноармейская, д. 134А","","","1","4205147996","1084205001198","blagotsg@yandex.ru"
"ТСН «Молодежный-8»","Кемерово","1","пр-кт. Молодежный, д. 8","+8 (3842) 31-87-27","Товарищество собственников недвижимости «Молодежный-8»","Лаврик Людмила Всаильевна","Кемеровская обл, г. Кемерово, пр-кт. Молодежный, д. 8","+7 (902) 984-87-27","+8 (3842) 31-87-27","1","4205024828","1034205005988","Dom811@bk.ru"
"ТСН «Образцовое»","Кемерово","1","пр-кт. Шахтеров, д. 107А","+7 (903) 993-50-55","Товарищество собственников недвижимости «Образцовое»","","Кемеровская обл, г. Кемерово, пр-кт. Шахтеров, д. 107А","","+7 (903) 993-50-55","1","4205408800","1224200010495","kachalinskaya@mail.ru"
"ТСН «Парус»","Кемерово","1","пр-кт. Октябрьский, д. 59","+7 (913) 295-57-39","Товарищество собственников недвижимости «Парус»","Рябкова Надежда Васильевна","Кемеровская обл, г. Кемерово, пр-кт. Октябрьский, д. 59","+7 (913) 295-57-39","+7 (913) 295-57-39","1","4205100412","1064205050843","TSGParus42@mail.ru"
"ТСН «Рукавишникова 39»","Кемерово","1","ул. Рукавишникова, д. 39","+7 (3842) 28-79-41","Товарищество собственников недвижимости «Рукавишникова 39»","Ващилов Александр Иванович","Кемеровская обл, г. Кемерово, ул. Рукавишникова, д. 39","+7 (961) 705-79-94","+7 (3842) 28-79-41","1","4205176940","1094205007214","aleks_4251@mail.ru"
"ТСН «Содружество»","Кемерово","1","ул. Свободы, д. 33","+7 (3842) 31-59-49","Товарищество собственников недвижимости «Содружество»","Семенов Валерий Николаевич","Кемеровская обл, г. Кемерово, ул. Свободы, д. 33","+7 (3842) 31-59-49","+7 (3842) 31-59-49","1","4205210623","1104205019038","sodrugestvo71@mail.ru"
"УК «Астера»","Кемерово","1","ул. Тухачевского, строение 22б","8 (3842) 68-02-32","Управляющая компания «Астера»","","Кемеровская обл, г. Кемерово, ул. Тухачевского, строение 22б","","8 (3842) 68-02-32","1","4205084947","1054205085802","sahkhlar@yandex.ru"
"УК «Кедр»","Кемерово","1","ул. Дружбы, д. 30/8","+7 (3842) 67-10-02","Управляющая компания «Кедр»","Чудинова Анна Игоревна","Кемеровская обл, г. Кемерово, ул. Дружбы, д. 30/8","+7 (3842) 67-10-02","+7 (3842) 67-10-02","1","4205165265","1084205018380","yk.mera.kemerovo@gmail.com"
"УК «Предзаводская»","Кемерово","1","ул. Предзаводская, д. 1Б","+7 (3842) 57-15-53","Управляющая компания «Предзаводская»","Яковлев Алексей Викторович","Кемеровская обл, г. Кемерово, ул. Предзаводская, д. 1Б","+7 (3842) 57-11-98","+7 (3842) 57-15-53","1","4205176010","1094205006048","uk_predzavod@mail.ru"
"УК «Рэу-8»","Кемерово","1","ул. Серебряный бор, д. 6, корп. 2","+7 (3842) 78-00-10","Управляющая компания «Рэу-8»","Лемтюгов Вячеслав Геннадьевич","Кемеровская обл, г. Кемерово, ул. Серебряный бор, д. 6, корп. 2","+7 (384) 278-00-10","+7 (384) 278-00-10","1","4205407108","1224200007041","uk_ruy-8@mail.ru"
"УК «Символ»","Кемерово","1","пр-кт. Комсомольский, д. 13, 8","+7 (905) 969-32-56","Управляющая компания «Символ»","","Кемеровская обл, г. Кемерово, пр-кт. Комсомольский, д. 13, 8","","+7 (905) 969-32-56","1","4205383464","1194205017676","uk.s2019@mail.ru"
"ЖСК «Сосновый бульвар»","Кемерово","","ул. Свободы, д. 6","+7 (913) 280-17-17","Жилищно-строительный кооператив «Сосновый бульвар»","","Кемеровская обл, г. Кемерово, ул. Свободы, д. 6","","+7 (913) 280-17-17","","4205326843","1164205060800","sibalyans2000@yandex.ru"
"ТСЖ «Золотистый клен»","Кемерово","","пер. Щегловский, д. 12","8 (923) 614-37-57","Товарищество собственников жилья «Золотистый клен»","Кузьменко Сергей Александрович","Кемеровская обл, г. Кемерово, пер. Щегловский, д. 10А","+7 (923) 614-37-57","8 (923) 614-37-57","","4205031303","1034205013138","zolotistyy.klen@mail.ru"
"ТСЖ «Золотые купола»","Кемерово","","ул. Патриотов, д. 35А","","Товарищество собственников жилья «Золотые купола»","","Кемеровская обл, г. Кемерово, ул. Патриотов, д. 35А","","","","4205059210","1034205075376","Blagotsg@yandex.ru"
"ТСЖ «Ленина 88»","Кемерово","","пр-кт. Ленина, д. 88","8 (951) 180-23-81","Товарищество собственников жилья «Ленина 88»","Туксина Ксения Сергеевна","Кемеровская обл, г. Кемерово, пр-кт. Ленина, д. 88","+7 (951) 180-23-81","8 (951) 180-23-81","","4205273341","1134205020730","tuxina2014@yandex.ru"
"ТСЖ «Ленинградский 18»","Кемерово","","пр-кт. Ленинградский, д. 18","","Товарищество собственников жилья «Ленинградский 18»","","Кемеровская обл, г. Кемерово, пр-кт. Ленинградский, д. 18","","","","4205146262","1074205026499","leningr18@yandex.ru"
"ТСЖ «Ленинградский 24 а»","Кемерово","","пр-кт. Ленинградский, д. 24а","","Товарищество собственников жилья «Ленинградский 24 а»","","Кемеровская обл, г. Кемерово, пр-кт. Ленинградский, д. 24а","","","","4205146216","1074205026510","leningr24a@yandex.ru"
"ТСЖ «Ленинградский 24»","Кемерово","","пр-кт. Ленинградский, д. 24","","Товарищество собственников жилья «Ленинградский 24»","","Кемеровская обл, г. Кемерово, пр-кт. Ленинградский, д. 24","","","","4205146287","1074205026466","leningr24@yandex.ru"
"ТСЖ «Ленинградский 28»","Кемерово","","пр-кт. Ленинградский, д. 28","","Товарищество собственников жилья «Ленинградский 28»","","Кемеровская обл, г. Кемерово, пр-кт. Ленинградский, д. 28","","","","4205146270","1074205026488","leningr28@yandex.ru"
"ТСЖ «Ленинградский,14»","Кемерово","","пр-кт. Ленинградский, д. 14","","Товарищество собственников жилья «Ленинградский,14»","","Кемеровская обл, г. Кемерово, пр-кт. Ленинградский, д. 14","","","","4205146248","1074205026500","leningr14@yandex.ru"
"ТСЖ «Ленинградский,18а»","Кемерово","","пр-кт. Ленинградский, д. 18А","","Товарищество собственников жилья «Ленинградский,18а»","","Кемеровская обл, г. Кемерово, пр-кт. Ленинградский, д. 18А","","","","4205146209","1074205026477","leningr18a@yandex.ru"
"ТСЖ «Маргарита»","Кемерово","","ул. Терешковой, д. 22","8 (923) 608-01-81","Товарищество собственников жилья «Маргарита»","Лазаренко Александр Николаевич","Кемеровская обл, г. Кемерово, ул. Терешковой, д. 22","+7 (3842) 35-97-99","8 (923) 608-01-81","","4205067282","1044205026788","Lozar_kem@mail.ru"
"ТСЖ «Строй 7»","Кемерово","","ул. Свободы, д. 33А","+7 (908) 948-18-34","Товарищество собственников жилья «Строй 7»","Кузнецова Татьяна Юрьевна","Кемеровская обл, г. Кемерово, ул. Свободы, д. 25А","+7 (3842) 34-63-70","+7 (908) 948-18-34","","4205191096","1094205023516","svobody.t@yandex.ru"
"ТСЖ «Цементник»","Кемерово","","ул. Дружбы, д. 17","","Товарищество собственников жилья «Цементник»","","Кемеровская обл, г. Кемерово, ул. Дружбы, д. 17","","","","4205155838","1084205008733","Matve2009@yandex.ru"
"ТСЖ «Январь»","Кемерово","","ул. 9 Января, д. 1Б","8 (3842) 35-06-86","Товарищество собственников жилья «Январь»","Бутов Валерий Николаевич","Кемеровская обл, г. Кемерово, ул. 9 Января, д. 1Б","+7 (3842) 35-06-86","8 (3842) 35-06-86","","4205097960","1054205270371","av_ger@bk.ru"
"ТСН «Каскад»","Кемерово","","ул. Юрия Двужильного, д. 22","8 (905) 960-65-56","Товарищество собственников недвижимости «Каскад»","","Кемеровская обл, г. Кемерово, ул. Юрия Двужильного, д. 22","","8 (905) 960-65-56","","4205148809","1084205002012","nebuslaeva@yandex.ru"
"ТСН «Комсомольский 43»","Кемерово","","пр-кт. Комсомольский, д. 43","+7 (90) 01-07-68-40","Товарищество собственников недвижимости «Комсомольский 43»","Полунина Людмила Иосифовна","Кемеровская обл, г. Кемерово, пр-кт. Комсомольский, д. 43","+7 (90) 01-07-68-40","+7 (90) 01-07-68-40","","4205409659","1224200012398","komsomolskii43@mail.ru"
"ТСН «Молодежный-10»","Кемерово","","пр-кт. Молодежный, д. 10","+7 (3842) 67-46-20","Товарищество собственников недвижимости «Молодежный-10»","Горелова Наталья Мефодьевна","Кемеровская обл, г. Кемерово, пр-кт. Молодежный, д. 10","+7 (923) 567-46-20","+7 (3842) 67-46-20","","4205135020","1074200004559","molod-10@mail.ru"
"ТСН «Надежда»","Кемерово","","ул. Терешковой, д. 22","8 (905) 915-66-59","Товарищество собственников недвижимости «Надежда»","Бандурин Игорь Николаевич","Кемеровская обл, г. Кемерово, ул. Терешковой, д. 22","+7 (923) 514-40-22","8 (905) 915-66-59","","4205018831","1034205020497","jazbuh@mail.ru"
"ТСН «Патриот»","Кемерово","","ул. Патриотов, д. 34","","Товарищество собственников недвижимости «Патриот»","","Кемеровская обл, г. Кемерово, ул. Патриотов, д. 34","","","","4205327526","1164205062405","kudrevatyh54@yandex.ru"
"УК «Атриум»","Кемерово","","ул. Троицкая, д. 1А","8 (3842) 57-10-86","Управляющая компания «Атриум»","Самсонова Ирина Владимировна","Кемеровская обл, г. Кемерово, ул. Троицкая, д. 1А","+7 (3842) 77-38-51","8 (3842) 57-10-86","","4205332660","1164205073086","atrium2105@mail.ru"
"УК «Высотка»","Кемерово","","пр-кт. Молодежный, д. 9, офис 307","8 (913) 138-67-13","Управляющая компания «Высотка»","Лазарева Ольга Николаевна","Кемеровская обл, г. Кемерово, пр-кт. Молодежный, д. 9, офис 307","+7 (923) 030-29-04","8 (913) 138-67-13","","4205405069","1224200005732","nikencmoscow@yandex.ru"
"УК «Гк мегаполис»","Кемерово","","пер. Стахановский, д. 1","+7 (3842) 69-23-82","Управляющая компания «Гк мегаполис»","","Кемеровская обл, г. Кемерово, пер. Стахановский, д. 1","","+7 (3842) 69-23-82","","4205247528","1124205012546","kkpu@yandex.ru"
"УК «Город»","Кемерово","","ул. Клары Цеткин, д. 120/1","+7 (90) 00-59-50-00","Управляющая компания «Город»","","Кемеровская обл, г. Кемерово, ул. Сибиряков-Гвардейцев, д. 28","","+7 (90) 00-59-50-00","","4205291630","1144205011873","gorod_gk@mail.ru"
"УК «Дева»","Кемерово","","ул. Попова, д. 3","+7 (3842) 62-00-01-62-00-20","Управляющая компания «Дева»","","Кемеровская обл, г. Кемерово, ул. Попова, д. 3","","+7 (3842) 62-00-01-62-00-20","","4205231937","1114205041280","ukdeva@mail.ru"
"УК «Дружба»","Кемерово","","ул. Зейская, д. 42, офис 3","8 (903) 984-25-65","Управляющая компания «Дружба»","Леготин Евгений Геннадьевич","Кемеровская обл, г. Кемерово, ул. Зейская, д. 42, офис 3","+7 (903) 984-25-65","8 (903) 984-25-65","","4205407228","1224200007272","nikencmoscow@yandex.ru"
"УК «Ип михальченко с. в.»","Кемерово","","ул. Гагарина, д. 52","+7 (903) 907-33-81","Управляющая компания «Ип михальченко с. в.»","","Кемеровская обл, г. Кемерово, ул. Гагарина, д. 52","+7 (90) 00-50-11-39","+7 (903) 907-33-81","","420510221530","313420508800092","urieva.natasha@mail.ru"
"УК «Квартал-премиум»","Кемерово","","ул. Терешковой, д. 22","+7 (3842) 77-36-37","Управляющая компания «Квартал-премиум»","Возняк Михаил Васильевич","Кемеровская обл, г. Кемерово, ул. Терешковой, д. 22","+7 (3842) 76-92-03","+7 (3842) 77-36-37","","4205254451","1124205019674","ukkp42@bk.ru"
"УК «Ленина 88»","Кемерово","","ул. Волгоградская, д. 11","+7 (951) 180-23-81","Управляющая компания «Ленина 88»","","Кемеровская обл, г. Кемерово, ул. Волгоградская, д. 11","","+7 (951) 180-23-81","","4205403833","1224200003103","tuxina2014@yandex.ru"
"УК «Мксервис»","Кемерово","","ул. Космическая, д. 24","+7 (3842) 48-04-89","Управляющая компания «Мксервис»","Кузнецов Юрий Анатольевич","Кемеровская обл, г. Кемерово, ул. Космическая, д. 24","+7 (3842) 76-70-20","+7 (3842) 48-04-89","","4205273373","1134205020784","mkservis@rambler.ru"
"УК «Мп пжрэт рудничного района»","Кемерово","","ул. Нахимова, д. 34А","64-16-11","Управляющая компания «Мп пжрэт рудничного района»","Кудрявцев Василий Александрович","Кемеровская обл, г. Кемерово, ул. Нахимова, д. 34А","+7 (3842) 64-16-11","64-16-11","","4205003472","1024200691261","admin@pjret-kemerovo.ru"
"УК «На нахимова»","Кемерово","","ул. Нахимова, д. 34А","8 (951) 579-78-28","Управляющая компания «На нахимова»","","Кемеровская обл, г. Кемерово, ул. Нахимова, д. 34А","","8 (951) 579-78-28","","4205383520","1194205017820","ukpzhret@mail.ru"
"УК «Новые горизонты»","Кемерово","","б-р. Строителей, д. 69, к. 47","+7 (3842) 90-00-55","Управляющая компания «Новые горизонты»","Ситникова Ольга Владимировна","Кемеровская обл, г. Кемерово, б-р. Строителей, д. 69, к. 47","+7 (3842) 90-00-55","+7 (3842) 90-00-55","","4205398414","1214200009759","newgorizont42@mail.ru"
"УК «Парковый»","Кемерово","","пр-кт. Молодежный, д. 19","+7 (961) 866-00-27","Управляющая компания «Парковый»","","Кемеровская обл, г. Кемерово, пр-кт. Молодежный, д. 19","","+7 (961) 866-00-27","","4205407130","1224200007118","yk.parkovy@gmail.com"
"УК «Радуга»","Кемерово","","пр-кт. Шахтеров, д. 75","+7 (3842) 78-05-75","Управляющая компания «Радуга»","Кончаев Максим Сергеевич","Кемеровская обл, г. Кемерово, пр-кт. Шахтеров, д. 75","+7 (913) 074-50-03","+7 (3842) 78-05-75","","4205112506","1064205118163","admin@uk-raduga.ru"
"УК «Регион 42»","Кемерово","","пр-кт. Комсомольский, д. 11А","+7 (3842) 34-66-71","Управляющая компания «Регион 42»","Козьмин Владимир Васильевич","Кемеровская обл, г. Кемерово, пр-кт. Комсомольский, д. 11А","+7 (3842) 57-49-66","+7 (3842) 34-66-71","","4205329080","1164205065485","kemerovo_gkh@mail.ru"
"УК «Рэу-1»","Кемерово","","ул. Ворошилова, д. 1А","+7 (3842) 51-47-10","Управляющая компания «Рэу-1»","","Кемеровская обл, г. Кемерово, ул. Ворошилова, д. 1А","","+7 (3842) 51-47-10","","4205084440","1054205081391","oooukreu1@mail.ru"
"УК «Рэу-9»","Кемерово","","ул. Орджоникидзе, д. 4, пом.90","8 (3842) 58-06-29","Управляющая компания «Рэу-9»","Чудинова Анна Игоревна","Кемеровская обл, г. Кемерово, ул. Орджоникидзе, д. 4, пом.90","+7 (3842) 36-66-83","8 (3842) 58-06-29","","4205392290","1204200014105","reu9_kemerovo@mail.ru"
"УК «Северная»","Кемерово","","пр-кт. Шахтеров","8 (3842) 90-01-55","Управляющая компания «Северная»","Баранов Евгений Валерьевич","Кемеровская обл, г. Кемерово, пр-кт. Шахтеров","+7 (3842) 90-01-55","8 (3842) 90-01-55","","4205385180","1194205021691","office@uksevernaya.ru"
"УК «Серебряный бор»","Кемерово","","пр-кт. Шахтеров, д. 68А","+7 (3842) 65-74-95","Управляющая компания «Серебряный бор»","Науменко Виталий Викторович","Кемеровская обл, г. Кемерово, пр-кт. Шахтеров, д. 72Б","+7 (3842) 65-73-43","+7 (3842) 65-74-95","","4205297470","1144205017770","sbor42@mail.ru"
"УК «Тайга»","Кемерово","","ул. Греческая деревня, д. 1","+7 (90) 00-59-50-00","Управляющая компания «Тайга»","Матвеева Елена Алексеевна","Кемеровская обл, г. Кемерово, ул. Греческая деревня, д. 1","+7 (38445) 570-51","+7 (90) 00-59-50-00","","4246021061","1164205083965","priemnaya@taiga-uk.ru"
"УК «Тройка»","Кемерово","","пр-кт. Ленина, д. 28","8 (983) 217-36-43","Управляющая компания «Тройка»","","Кемеровская обл, г. Кемерово, пр-кт. Ленина, д. 28","","8 (983) 217-36-43","","4205306621","1154205005767","uk.kem@yandex.ru"
"УК «Ук солнечный»","Кемерово","","пр-кт. В.В.Михайлова, д. 3б, корп. 2","8 (3842) 24-02-12","Управляющая компания «Ук солнечный»","Ашихмин Виталий Викторович","Кемеровская обл, г. Кемерово, пр-кт. В.В.Михайлова, д. 3б, корп. 2","+7 (961) 866-02-12","8 (3842) 24-02-12","","4205336009","1164205080390","alliance_2017@bk.ru"
"УК «Форт-42»","Кемерово","","ул. Свободы, д. 13","8 (951) 598-38-26","Управляющая компания «Форт-42»","","Кемеровская обл, г. Кемерово, ул. Свободы, д. 13","","8 (951) 598-38-26","","4205399376","1214200012091","uk.fort42@yandex.ru"
"УК «Шалготарьян»","Кемерово","","пр-кт. Октябрьский, д. 78Б, Офис 27","8 (913) 403-01-47","Управляющая компания «Шалготарьян»","","Кемеровская обл, г. Кемерово, пр-кт. Октябрьский, д. 78Б, Офис 27","","8 (913) 403-01-47","","4205315979","1154205014919","ukshalgotaryan@mail.ru"
"УК «Шалготарьян»","Кемерово","","пр-кт. Октябрьский, д. 78Б","+7 (3842) 53-94-33","Управляющая компания «Шалготарьян»","Любчиков А.В.","Кемеровская обл, г. Кемерово, пр-кт. Октябрьский, д. 78Б","+7 (3842) 53-24-32","+7 (3842) 53-94-33","","4205016150","1034205003579","shalgo2019@yandex.ru"
"УК «Энергоресурс»","Кемерово","","ул. Кузбасская, д. 10","8 (83849) 007-94","Управляющая компания «Энергоресурс»","Хараман Сергей Викторович","Кемеровская обл, г. Кемерово, ул. Кузбасская, д. 10","","8 (83849) 007-94","","4205284720","1144205004822","energoresurs42@yandex.ru"